,LightGBM,NN,DNN,ResLogit
bagging_fraction,0.7681236163662428,,,
bagging_freq,1.0,,,
feature_fraction,0.614008133420127,,,
lambda_l1,0.004259480070270404,,,
lambda_l2,0.005088958266749391,,,
max_bin,307.0,,,
min_data_in_leaf,178.0,,,
min_gain_to_split,0.0001042267821254799,,,
min_sum_hessian_in_leaf,11.605131849870547,,,
num_iterations,723.0,,,
num_leaves,78.0,,,
_best_loss,0.6811476283636311,0.6929642916669474,0.6953901907707117,0.8502955330862011
_best_GMPCA,0.506035917828239,0.5000914528090955,0.4988797517284455,0.4272886353581293
_elapsed_time,230.0443796000036,543.1221699000162,1028.09875189999,1603.253790399991
activation,,0.0,,
batch_size,,3.0,3.0,0.0
hidden_layer_sizes,,18.0,,
learning_rate,,0.0,,
learning_rate_init,,0.03069524305727462,,
max_iter,,0.0,,
solver,,1.0,,
tol,,0.0,,
depth,,,0.0,1.0
drop,,,2.0,
epochs,,,76.0,201.0
input_dim,,,0.0,0.0
output_dim,,,0.0,0.0
width,,,0.0,
