,LightGBM,NN,DNN,ResLogit
bagging_fraction,0.6206004848810507,,,
bagging_freq,1.0,,,
feature_fraction,0.6213825732452487,,,
lambda_l1,0.03264940549629479,,,
lambda_l2,9.544193918834354,,,
max_bin,389.0,,,
min_data_in_leaf,113.0,,,
min_gain_to_split,0.09195757971956345,,,
min_sum_hessian_in_leaf,72.39314763558605,,,
num_iterations,1765.0,,,
num_leaves,10.0,,,
_best_loss,0.7080841240722137,0.7063648188776611,0.7255548081904559,0.8637895183620331
_best_GMPCA,0.4925870296302498,0.4934346655326657,0.4840559362443718,0.42156153640113914
_elapsed_time,286.2344720999972,643.0447493999964,1021.1775319000008,1536.2745925000054
activation,,0.0,,
batch_size,,0.0,3.0,0.0
hidden_layer_sizes,,38.0,,
learning_rate,,0.0,,
learning_rate_init,,0.0049939768455120204,,
max_iter,,0.0,,
solver,,1.0,,
tol,,0.0,,
depth,,,0.0,3.0
drop,,,0.0,
epochs,,,54.0,201.0
input_dim,,,0.0,0.0
output_dim,,,0.0,0.0
width,,,1.0,
