,LightGBM,NN,DNN,ResLogit
bagging_fraction,0.7990715977893208,,,
bagging_freq,0.0,,,
feature_fraction,0.9350102215340489,,,
lambda_l1,0.025080824988282527,,,
lambda_l2,0.13643160596142417,,,
max_bin,262.0,,,
min_data_in_leaf,179.0,,,
min_gain_to_split,0.282317829795353,,,
min_sum_hessian_in_leaf,2.297473294222952,,,
num_iterations,2144.0,,,
num_leaves,4.0,,,
_best_loss,0.7104878063792402,0.755172927567029,0.7336422776691329,0.870725022201222
_best_GMPCA,0.49140442877023016,0.4699293439656351,0.48015693640696744,0.4186479101590391
_elapsed_time,361.93314320000354,1586.122906500008,1626.1211882999924,1124.5439595000062
activation,,0.0,,
batch_size,,3.0,3.0,0.0
hidden_layer_sizes,,80.0,,
learning_rate,,0.0,,
learning_rate_init,,0.0007456296314943267,,
max_iter,,0.0,,
solver,,2.0,,
tol,,0.0,,
depth,,,0.0,1.0
drop,,,1.0,
epochs,,,77.0,201.0
input_dim,,,0.0,0.0
output_dim,,,0.0,0.0
width,,,1.0,
