,LightGBM,NN,DNN,ResLogit
bagging_fraction,0.5120535946142686,,,
bagging_freq,1.0,,,
feature_fraction,0.7166549251789778,,,
lambda_l1,0.1206485862264932,,,
lambda_l2,0.009535852459341571,,,
max_bin,183.0,,,
min_data_in_leaf,180.0,,,
min_gain_to_split,0.009471888944415571,,,
min_sum_hessian_in_leaf,2.7262151714283704,,,
num_iterations,894.0,,,
num_leaves,99.0,,,
_best_loss,0.69308858349178,0.6990638671371061,0.7140149285214804,0.8633555963977272
_best_GMPCA,0.5000292993925035,0.4970503912713911,0.48967423841878466,0.4217445009043776
_elapsed_time,246.39346760000626,604.8080790000095,918.1466267999931,1245.2295827000053
activation,,0.0,,
batch_size,,0.0,2.0,0.0
hidden_layer_sizes,,73.0,,
learning_rate,,0.0,,
learning_rate_init,,0.0058622765899434826,,
max_iter,,0.0,,
solver,,1.0,,
tol,,0.0,,
depth,,,0.0,2.0
drop,,,2.0,
epochs,,,83.0,201.0
input_dim,,,0.0,0.0
output_dim,,,0.0,0.0
width,,,0.0,
