,LightGBM,NN,DNN,ResLogit
bagging_fraction,0.5285285299139596,,,
bagging_freq,0.0,,,
feature_fraction,0.7891970624639583,,,
lambda_l1,1.436989606860742,,,
lambda_l2,0.0037483709926846706,,,
max_bin,101.0,,,
min_data_in_leaf,41.0,,,
min_gain_to_split,0.013151231207152614,,,
min_sum_hessian_in_leaf,2.546839981692473,,,
num_iterations,345.0,,,
num_leaves,17.0,,,
_best_loss,0.6996462474779858,0.6976786674114808,0.7173162834610135,0.8577516445173228
_best_GMPCA,0.49676100317023786,0.49773938242201016,0.4880603154850811,0.4241145714714504
_elapsed_time,235.86587950002286,1564.7696064000193,1239.1491342000081,961.7423554999987
activation,,0.0,,
batch_size,,2.0,3.0,0.0
hidden_layer_sizes,,99.0,,
learning_rate,,0.0,,
learning_rate_init,,0.023467350730377645,,
max_iter,,0.0,,
solver,,1.0,,
tol,,0.0,,
depth,,,1.0,0.0
drop,,,0.0,
epochs,,,62.0,201.0
input_dim,,,0.0,0.0
output_dim,,,0.0,0.0
width,,,1.0,
