,LightGBM,NN,DNN,ResLogit
bagging_fraction,0.7611382863218212,,,
bagging_freq,0.0,,,
feature_fraction,0.656036627335785,,,
lambda_l1,0.001762662797476115,,,
lambda_l2,0.017721829257513356,,,
max_bin,232.0,,,
min_data_in_leaf,74.0,,,
min_gain_to_split,0.0639986243602762,,,
min_sum_hessian_in_leaf,70.56355510127018,,,
num_iterations,1450.0,,,
num_leaves,91.0,,,
_best_loss,0.6871092597101549,0.7081220401932259,0.7168887409519282,0.8586633814551041
_best_GMPCA,0.503028092918114,0.4925683529949003,0.4882690266302126,0.4237280667728676
_elapsed_time,279.7438803999976,1261.5605258999858,1494.5654339999892,1143.0006527000223
activation,,0.0,,
batch_size,,3.0,3.0,0.0
hidden_layer_sizes,,11.0,,
learning_rate,,0.0,,
learning_rate_init,,0.03214098908059314,,
max_iter,,0.0,,
solver,,1.0,,
tol,,0.0,,
depth,,,0.0,2.0
drop,,,1.0,
epochs,,,138.0,201.0
input_dim,,,0.0,0.0
output_dim,,,0.0,0.0
width,,,0.0,
