,LightGBM,NN,DNN,ResLogit
bagging_fraction,0.8890111981224771,,,
bagging_freq,0.0,,,
feature_fraction,0.9061683876537764,,,
lambda_l1,0.006048442598562104,,,
lambda_l2,1.1668570977603356,,,
max_bin,282.0,,,
min_data_in_leaf,145.0,,,
min_gain_to_split,0.0002937766036016098,,,
min_sum_hessian_in_leaf,70.31966260091149,,,
num_iterations,619.0,,,
num_leaves,46.0,,,
_best_loss,0.696546945446333,0.7416051672503986,0.7051571892768267,0.8580943021847544
_best_GMPCA,0.4983030038852543,0.47634868221715565,0.4940309117906938,0.42396927025737546
_elapsed_time,246.0202280000085,947.0549751000071,1493.5797541000065,1082.7106537999935
activation,,0.0,,
batch_size,,2.0,3.0,0.0
hidden_layer_sizes,,11.0,,
learning_rate,,0.0,,
learning_rate_init,,0.00037578343517991053,,
max_iter,,0.0,,
solver,,2.0,,
tol,,0.0,,
depth,,,0.0,2.0
drop,,,1.0,
epochs,,,51.0,200.0
input_dim,,,0.0,0.0
output_dim,,,0.0,0.0
width,,,2.0,
