,LightGBM,NN,DNN,ResLogit
bagging_fraction,0.6470433189708225,,,
bagging_freq,1.0,,,
feature_fraction,0.6758976410420059,,,
lambda_l1,0.2275308417335321,,,
lambda_l2,9.042568025848883,,,
max_bin,208.0,,,
min_data_in_leaf,92.0,,,
min_gain_to_split,0.14471180957895685,,,
min_sum_hessian_in_leaf,1.2755824406025347,,,
num_iterations,611.0,,,
num_leaves,99.0,,,
_best_loss,0.6861165483568397,0.7427463475079151,0.6993032907336123,0.8533757285801441
_best_GMPCA,0.5035277025600428,0.475805392559991,0.4969313999243047,0.4259745277220733
_elapsed_time,272.2895523000043,1116.8322762000025,1502.216135499999,1595.4801471999963
activation,,0.0,,
batch_size,,1.0,2.0,0.0
hidden_layer_sizes,,10.0,,
learning_rate,,0.0,,
learning_rate_init,,0.5932665936814889,,
max_iter,,0.0,,
solver,,1.0,,
tol,,0.0,,
depth,,,0.0,3.0
drop,,,1.0,
epochs,,,69.0,201.0
input_dim,,,0.0,0.0
output_dim,,,0.0,0.0
width,,,0.0,
