,LightGBM,NN,DNN,ResLogit
bagging_fraction,0.6155770610961122,,,
bagging_freq,2.0,,,
feature_fraction,0.668804631459617,,,
lambda_l1,0.0016760441222818058,,,
lambda_l2,0.08700223499220883,,,
max_bin,489.0,,,
min_data_in_leaf,160.0,,,
min_gain_to_split,0.0009758672171240881,,,
min_sum_hessian_in_leaf,16.165980203441315,,,
num_iterations,1000.0,,,
num_leaves,7.0,,,
_best_loss,0.7051223685790088,0.7856962682724997,0.7209792012526096,0.8684023785893893
_best_GMPCA,0.494048114591291,0.455802230644191,0.48627586082264806,0.4196214101623162
_elapsed_time,243.2216414999857,1536.7646161000011,1241.4401785000227,1256.1747251000197
activation,,0.0,,
batch_size,,3.0,3.0,0.0
hidden_layer_sizes,,10.0,,
learning_rate,,0.0,,
learning_rate_init,,0.8180490240444159,,
max_iter,,0.0,,
solver,,0.0,,
tol,,0.0,,
depth,,,0.0,2.0
drop,,,0.0,
epochs,,,104.0,201.0
input_dim,,,0.0,0.0
output_dim,,,0.0,0.0
width,,,0.0,
