,LightGBM,NN,DNN,ResLogit
bagging_fraction,0.8414768114928481,,,
bagging_freq,0.0,,,
feature_fraction,0.8564120028689657,,,
lambda_l1,0.007554036884290416,,,
lambda_l2,0.07960816324613962,,,
max_bin,249.0,,,
min_data_in_leaf,3.0,,,
min_gain_to_split,0.00032609363714221123,,,
min_sum_hessian_in_leaf,4.48490910749356,,,
num_iterations,1749.0,,,
num_leaves,6.0,,,
_best_loss,0.6946821406942973,0.7895336752258891,0.7051394445554587,0.8482104836301554
_best_GMPCA,0.49923310865721615,0.4540564837079398,0.49403967830935014,0.4281804827447076
_elapsed_time,383.5037294999929,1175.2599485999963,1535.8929483999964,1254.4850655999908
activation,,0.0,,
batch_size,,0.0,3.0,0.0
hidden_layer_sizes,,10.0,,
learning_rate,,0.0,,
learning_rate_init,,0.8405004471068227,,
max_iter,,0.0,,
solver,,0.0,,
tol,,0.0,,
depth,,,0.0,1.0
drop,,,1.0,
epochs,,,78.0,201.0
input_dim,,,0.0,0.0
output_dim,,,0.0,0.0
width,,,1.0,
