,LightGBM,NN,DNN,ResLogit
bagging_fraction,0.6330902460355355,,,
bagging_freq,0.0,,,
feature_fraction,0.5021120755910597,,,
lambda_l1,0.00011361542158784438,,,
lambda_l2,0.08527199996575924,,,
max_bin,344.0,,,
min_data_in_leaf,116.0,,,
min_gain_to_split,0.004785753329307308,,,
min_sum_hessian_in_leaf,73.28530203004604,,,
num_iterations,2072.0,,,
num_leaves,97.0,,,
_best_loss,0.6985665722121331,0.7644178487023824,0.7125497394302113,0.8604053111160085
_best_GMPCA,0.4972976333794537,0.4656049045922245,0.49039222963919593,0.4229906047751367
_elapsed_time,330.4246278000064,1457.561765999999,1681.4585842000088,877.6963575000118
activation,,0.0,,
batch_size,,0.0,3.0,0.0
hidden_layer_sizes,,10.0,,
learning_rate,,0.0,,
learning_rate_init,,0.8823511594429153,,
max_iter,,0.0,,
solver,,1.0,,
tol,,0.0,,
depth,,,2.0,0.0
drop,,,0.0,
epochs,,,69.0,200.0
input_dim,,,0.0,0.0
output_dim,,,0.0,0.0
width,,,1.0,
