,LightGBM,NN,DNN,ResLogit
bagging_fraction,0.7512006755352054,,,
bagging_freq,1.0,,,
feature_fraction,0.7269231419191193,,,
lambda_l1,0.009411597790864302,,,
lambda_l2,0.0010507281317264899,,,
max_bin,488.0,,,
min_data_in_leaf,188.0,,,
min_gain_to_split,0.001681148720373287,,,
min_sum_hessian_in_leaf,3.249522458246039,,,
num_iterations,710.0,,,
num_leaves,41.0,,,
_best_loss,0.71170225178263,0.7503150066863397,0.7355948474558986,0.8608990979468172
_best_GMPCA,0.49080800715455364,0.4722177775523179,0.4792203111906585,0.4227817891443901
_elapsed_time,288.7341238000081,1608.4952043999801,1668.061252000014,1151.7306088999903
activation,,0.0,,
batch_size,,0.0,3.0,0.0
hidden_layer_sizes,,10.0,,
learning_rate,,0.0,,
learning_rate_init,,0.0009169917246415471,,
max_iter,,0.0,,
solver,,1.0,,
tol,,0.0,,
depth,,,0.0,2.0
drop,,,1.0,
epochs,,,127.0,201.0
input_dim,,,0.0,0.0
output_dim,,,0.0,0.0
width,,,0.0,
