,LightGBM,NN,DNN,ResLogit
bagging_fraction,0.5291185838093405,,,
bagging_freq,1.0,,,
feature_fraction,0.9138878442845955,,,
lambda_l1,0.0036147610699391727,,,
lambda_l2,0.0015052321805673992,,,
max_bin,471.0,,,
min_data_in_leaf,198.0,,,
min_gain_to_split,0.0053483429905251505,,,
min_sum_hessian_in_leaf,11.20313838002174,,,
num_iterations,865.0,,,
num_leaves,49.0,,,
_best_loss,0.7107640173400849,0.738135017916694,0.7139583664979792,0.8640272607902388
_best_GMPCA,0.4912687162243054,0.4780045546800656,0.48970193616787905,0.4214613252505301
_elapsed_time,296.8915222000214,976.2973258999991,1503.023145700019,1123.7140571000054
activation,,0.0,,
batch_size,,3.0,3.0,0.0
hidden_layer_sizes,,28.0,,
learning_rate,,0.0,,
learning_rate_init,,0.005789682479553415,,
max_iter,,0.0,,
solver,,1.0,,
tol,,0.0,,
depth,,,0.0,1.0
drop,,,0.0,
epochs,,,166.0,201.0
input_dim,,,0.0,0.0
output_dim,,,0.0,0.0
width,,,0.0,
