,LightGBM,NN,DNN,ResLogit
bagging_fraction,0.5082053787759472,,,
bagging_freq,1.0,,,
feature_fraction,0.7731874887054129,,,
lambda_l1,0.0042667743289794965,,,
lambda_l2,0.0002523364165405063,,,
max_bin,481.0,,,
min_data_in_leaf,110.0,,,
min_gain_to_split,0.0004952424682469125,,,
min_sum_hessian_in_leaf,15.151314922757448,,,
num_iterations,459.0,,,
num_leaves,39.0,,,
_best_loss,0.7077786477043956,0.7284175369029124,0.7162892426612407,0.8584415744121302
_best_GMPCA,0.49273752631231515,0.48267219699728997,0.4885618308361141,0.4238220630665182
_elapsed_time,238.41148320000502,957.4391875999863,1500.6213394999795,1841.8140170999977
activation,,0.0,,
batch_size,,1.0,3.0,0.0
hidden_layer_sizes,,86.0,,
learning_rate,,0.0,,
learning_rate_init,,0.0029943087072999974,,
max_iter,,0.0,,
solver,,1.0,,
tol,,0.0,,
depth,,,2.0,3.0
drop,,,1.0,
epochs,,,95.0,201.0
input_dim,,,0.0,0.0
output_dim,,,0.0,0.0
width,,,0.0,
