,LightGBM,NN,DNN,ResLogit
bagging_fraction,0.7799689759524207,,,
bagging_freq,0.0,,,
feature_fraction,0.5837434557558856,,,
lambda_l1,0.5843952441115565,,,
lambda_l2,0.4330172644347949,,,
max_bin,439.0,,,
min_data_in_leaf,112.0,,,
min_gain_to_split,0.001317373580550925,,,
min_sum_hessian_in_leaf,11.940473716707475,,,
num_iterations,726.0,,,
num_leaves,17.0,,,
_best_loss,0.7035790730390269,0.7175679838244179,0.723363064933628,0.8644319874673776
_best_GMPCA,0.49481116549815646,0.4879374859850736,0.48511802606750015,0.4212907831226213
_elapsed_time,263.0651460000081,465.15409350000846,911.8851616000029,1571.2654676000093
activation,,0.0,,
batch_size,,2.0,3.0,0.0
hidden_layer_sizes,,10.0,,
learning_rate,,0.0,,
learning_rate_init,,0.037744918621560375,,
max_iter,,0.0,,
solver,,1.0,,
tol,,0.0,,
depth,,,0.0,3.0
drop,,,1.0,
epochs,,,83.0,201.0
input_dim,,,0.0,0.0
output_dim,,,0.0,0.0
width,,,1.0,
