,LightGBM,NN,DNN,ResLogit
bagging_fraction,0.6618623502781426,,,
bagging_freq,0.0,,,
feature_fraction,0.8864729495636012,,,
lambda_l1,0.0006836988065468371,,,
lambda_l2,4.277257589568265,,,
max_bin,358.0,,,
min_data_in_leaf,154.0,,,
min_gain_to_split,0.030878746556558364,,,
min_sum_hessian_in_leaf,1.9335657646009319,,,
num_iterations,593.0,,,
num_leaves,59.0,,,
_best_loss,0.7016357141395012,0.7088420739227346,0.7246068538876619,0.8617166337072295
_best_GMPCA,0.4957736961485368,0.4922138148216945,0.4845150167112015,0.4224362911606351
_elapsed_time,238.9124988000258,1280.7120827999897,1226.3859569999913,1068.7338961999922
activation,,0.0,,
batch_size,,2.0,3.0,0.0
hidden_layer_sizes,,14.0,,
learning_rate,,0.0,,
learning_rate_init,,0.030215822254880474,,
max_iter,,0.0,,
solver,,1.0,,
tol,,0.0,,
depth,,,1.0,0.0
drop,,,2.0,
epochs,,,73.0,201.0
input_dim,,,0.0,0.0
output_dim,,,0.0,0.0
width,,,0.0,
