,LightGBM,NN,DNN,ResLogit
bagging_fraction,0.6888357090637104,,,
bagging_freq,0.0,,,
feature_fraction,0.968496305419578,,,
lambda_l1,3.3085113551632217,,,
lambda_l2,0.0011536764551579363,,,
max_bin,453.0,,,
min_data_in_leaf,73.0,,,
min_gain_to_split,0.01238187922852298,,,
min_sum_hessian_in_leaf,6.832545901166523,,,
num_iterations,2161.0,,,
num_leaves,3.0,,,
_best_loss,0.7198245709864287,0.721529228805073,0.7239009418296125,0.8699429092519387
_best_GMPCA,0.4868376539185091,0.48600846924420665,0.484857162451998,0.41897546818775555
_elapsed_time,290.0019354999822,1618.5577136999927,1619.7063946999842,1065.7150576999993
activation,,0.0,,
batch_size,,1.0,3.0,0.0
hidden_layer_sizes,,67.0,,
learning_rate,,0.0,,
learning_rate_init,,0.005279741065647162,,
max_iter,,0.0,,
solver,,1.0,,
tol,,0.0,,
depth,,,0.0,2.0
drop,,,0.0,
epochs,,,148.0,201.0
input_dim,,,0.0,0.0
output_dim,,,0.0,0.0
width,,,0.0,
