,LightGBM,NN,DNN,ResLogit
bagging_fraction,0.6215532137289457,,,
bagging_freq,0.0,,,
feature_fraction,0.5037027146417083,,,
lambda_l1,0.0002099083235112451,,,
lambda_l2,0.007163823647785536,,,
max_bin,230.0,,,
min_data_in_leaf,83.0,,,
min_gain_to_split,0.0003714209350539105,,,
min_sum_hessian_in_leaf,98.43084663212122,,,
num_iterations,2670.0,,,
num_leaves,48.0,,,
_best_loss,0.7145851707863734,0.7245769002016452,0.7466827692590238,0.8651275240292978
_best_GMPCA,0.48939508507209184,0.48452952993924364,0.47393610343239734,0.42099786186029226
_elapsed_time,332.96129649999784,1015.6976067000069,1938.177878300019,1078.1603278999974
activation,,0.0,,
batch_size,,1.0,3.0,0.0
hidden_layer_sizes,,39.0,,
learning_rate,,0.0,,
learning_rate_init,,0.0007884104360198231,,
max_iter,,0.0,,
solver,,2.0,,
tol,,0.0,,
depth,,,0.0,1.0
drop,,,2.0,
epochs,,,86.0,201.0
input_dim,,,0.0,0.0
output_dim,,,0.0,0.0
width,,,0.0,
